link,text,user,date,is-retweet,external-link,quoted-post,stats,pictures,videos,gifs
https://twitter.com/Hazardvillain/status/179015442#m,found mah next knitting project--a scarf for my cos who's MIT bound!  Boston'll be quite a change from her previous climate (America's wang),"{'name': 'Hazardvillain', 'username': '@Hazardvillain', 'profile_id': '24739342', 'avatar': 'https://pbs.twimg.com/profile_images/24739342/Hot_Day_bigger.jpg'}","Jul 31, 2007 ¬∑ 9:14 PM UTC",False,,{},"{'comments': 0, 'retweets': 0, 'quotes': 0, 'likes': 0}",[],[],[]
https://twitter.com/ElaineVigneault/status/178592562#m,"The Economics of Climate Change: This graph, from a power point presentation about parking, shows.. http://tinyurl.com/2a4ywl","{'name': 'Elaine', 'username': '@ElaineVigneault', 'profile_id': '1728497985183703040', 'avatar': 'https://pbs.twimg.com/profile_images/1728497985183703040/JcGjlIuW_bigger.jpg'}","Jul 31, 2007 ¬∑ 4:07 PM UTC",False,,{},"{'comments': 0, 'retweets': 0, 'quotes': 0, 'likes': 0}",[],[],[]
https://twitter.com/secgen/status/178390352#m,"Attending the Informal Thematic Debate of the General Assembly, entitled ‚ÄúClimate change as a global challenge&rdquo","{'name': 'Unofficial Sec-Gen', 'username': '@secgen', 'profile_id': '815506987794448388', 'avatar': 'https://pbs.twimg.com/profile_images/815506987794448388/ulHs-Hhs_bigger.jpg'}","Jul 31, 2007 ¬∑ 2:00 PM UTC",False,,{},"{'comments': 0, 'retweets': 0, 'quotes': 0, 'likes': 0}",[],[],[]
https://twitter.com/jonl/status/178317882#m,End-Permian mass extinction was a climate change event? http://tinyurl.com/25l9bm,"{'name': 'Jon Lebkowsky', 'username': '@jonl', 'profile_id': '1717624056541790208', 'avatar': 'https://pbs.twimg.com/profile_images/1717624056541790208/dOopXkE0_bigger.jpg'}","Jul 31, 2007 ¬∑ 1:13 PM UTC",False,,{},"{'comments': 0, 'retweets': 0, 'quotes': 0, 'likes': 0}",[],[],[]
https://twitter.com/iaintait/status/178084632#m,nik just made climate change happen,"{'name': 'Iain Tait', 'username': '@iaintait', 'profile_id': '3393750237', 'avatar': 'https://pbs.twimg.com/profile_images/3393750237/1b18767a9aa092b41a4c4cf1084f37d6_bigger.jpeg'}","Jul 31, 2007 ¬∑ 10:24 AM UTC",False,,{},"{'comments': 0, 'retweets': 0, 'quotes': 0, 'likes': 0}",[],[],[]
https://twitter.com/nikroope/status/178073402#m,"The sun is shining. When the sun shines it's a sign of climate change. when it rains - climate change, when i fart - climate change,","{'name': 'Nicolas Roope', 'username': '@nikroope', 'profile_id': '1654876846691893251', 'avatar': 'https://pbs.twimg.com/profile_images/1654876846691893251/LjnqGQnH_bigger.jpg'}","Jul 31, 2007 ¬∑ 10:15 AM UTC",False,,{},"{'comments': 0, 'retweets': 0, 'quotes': 0, 'likes': 0}",[],[],[]
https://twitter.com/nytimes/status/177999682#m,"Brazil, Alarmed, Reconsiders Policy on Climate Change http://tinyurl.com/yteo6s","{'name': 'The New York Times', 'username': '@nytimes', 'profile_id': '1098244578472280064', 'avatar': 'https://pbs.twimg.com/profile_images/1098244578472280064/gjkVMelR_bigger.png'}","Jul 31, 2007 ¬∑ 9:18 AM UTC",False,,{},"{'comments': 0, 'retweets': 0, 'quotes': 0, 'likes': 0}",[],[],[]
https://twitter.com/indymedia/status/177923622#m,global: Global climate change protests to target world's worst emitters http://tinyurl.com/2cjddb,"{'name': 'Indymedia', 'username': '@indymedia', 'profile_id': '824265346928574464', 'avatar': 'https://pbs.twimg.com/profile_images/824265346928574464/443eoUGQ_bigger.jpg'}","Jul 31, 2007 ¬∑ 8:14 AM UTC",False,,{},"{'comments': 0, 'retweets': 0, 'quotes': 0, 'likes': 0}",[],[],[]
https://twitter.com/sighmon/status/177743282#m,concerned about climate change.. check out: http://www.thebigswitch.org.au/,"{'name': 'Simon Loffler', 'username': '@sighmon', 'profile_id': '1616347993665605632', 'avatar': 'https://pbs.twimg.com/profile_images/1616347993665605632/CZaXDWK2_bigger.jpg'}","Jul 31, 2007 ¬∑ 5:49 AM UTC",False,,{},"{'comments': 0, 'retweets': 0, 'quotes': 0, 'likes': 0}",[],[],[]
https://twitter.com/nytimesworld/status/177552922#m,"Brazil, Alarmed, Reconsiders Policy on Climate Change http://tinyurl.com/yteo6s","{'name': 'New York Times World', 'username': '@nytimesworld', 'profile_id': '966009454079684609', 'avatar': 'https://pbs.twimg.com/profile_images/966009454079684609/6rPptWsI_bigger.jpg'}","Jul 31, 2007 ¬∑ 3:18 AM UTC",False,,{},"{'comments': 0, 'retweets': 0, 'quotes': 0, 'likes': 0}",[],[],[]
https://twitter.com/chinaherald/status/177244592#m,China climate change storms ‚Äòhave affected 200 million‚Äô - Times Online http://tinyurl.com/2hhqkk,"{'name': 'China Herald', 'username': '@chinaherald', 'profile_id': '29599572', 'avatar': 'https://pbs.twimg.com/profile_images/29599572/ch_w_bigger.gif'}","Jul 30, 2007 ¬∑ 11:33 PM UTC",False,,{},"{'comments': 0, 'retweets': 0, 'quotes': 0, 'likes': 0}",[],[],[]
https://twitter.com/secgen/status/176657122#m,"Meeting the Climate Change Envoys (Mrs. Gro Harlem Brundtland, Mr. Han Seung-soo, Mr. Ricardo Lagos Escobar)","{'name': 'Unofficial Sec-Gen', 'username': '@secgen', 'profile_id': '815506987794448388', 'avatar': 'https://pbs.twimg.com/profile_images/815506987794448388/ulHs-Hhs_bigger.jpg'}","Jul 30, 2007 ¬∑ 4:30 PM UTC",False,,{},"{'comments': 0, 'retweets': 0, 'quotes': 0, 'likes': 0}",[],[],[]
https://twitter.com/GreenpeaceUK/status/176525822#m,Climate change to blame for more Atlantic hurricanes http://tinyurl.com/3dotcl,"{'name': 'Greenpeace UK', 'username': '@GreenpeaceUK', 'profile_id': '1176089245225762817', 'avatar': 'https://pbs.twimg.com/profile_images/1176089245225762817/mUwtNhp0_bigger.png'}","Jul 30, 2007 ¬∑ 3:12 PM UTC",False,,{},"{'comments': 0, 'retweets': 0, 'quotes': 0, 'likes': 0}",[],[],[]
https://twitter.com/abcnews/status/175720692#m,Climate change contributing to hurricane numbers: study: A new study says the annual number of Atlantic h.. http://tinyurl.com/3c47pj,"{'name': 'ABC News', 'username': '@abcnews', 'profile_id': '1034589406005317632', 'avatar': 'https://pbs.twimg.com/profile_images/1034589406005317632/Cdi3F2ro_bigger.jpg'}","Jul 30, 2007 ¬∑ 5:34 AM UTC",False,,{},"{'comments': 0, 'retweets': 0, 'quotes': 0, 'likes': 0}",[],[],[]
https://twitter.com/abcnews/status/175385992#m,Thwaites plans climate change career: Victoria's Deputy Premier John Thwaites says he is keen to work in .. http://tinyurl.com/33kgry,"{'name': 'ABC News', 'username': '@abcnews', 'profile_id': '1034589406005317632', 'avatar': 'https://pbs.twimg.com/profile_images/1034589406005317632/Cdi3F2ro_bigger.jpg'}","Jul 30, 2007 ¬∑ 1:13 AM UTC",False,,{},"{'comments': 0, 'retweets': 0, 'quotes': 0, 'likes': 0}",[],[],[]
https://twitter.com/Reuters/status/175365192#m,Study blames climate change for hurricanes http://tinyurl.com/yur92y,"{'name': 'Reuters', 'username': '@Reuters', 'profile_id': '1194751949821939712', 'avatar': 'https://pbs.twimg.com/profile_images/1194751949821939712/3VBu4_Sa_bigger.jpg'}","Jul 30, 2007 ¬∑ 12:57 AM UTC",False,,{},"{'comments': 0, 'retweets': 0, 'quotes': 0, 'likes': 0}",[],[],[]
https://twitter.com/notnewscientist/status/175312112#m,Tropical storms stepping up with climate change: Major shifts in the number of North Atlantic tropic.. http://tinyurl.com/ywluyh,"{'name': 'New Scientist', 'username': '@notnewscientist', 'profile_id': 'default_profile_bigger.png', 'avatar': 'https://pbs.twimg.com/abs.twimg.com/sticky/default_profile_images/default_profile_bigger.png'}","Jul 30, 2007 ¬∑ 12:09 AM UTC",False,,{},"{'comments': 0, 'retweets': 0, 'quotes': 0, 'likes': 0}",[],[],[]
https://twitter.com/dwescott1/status/173279312#m,"""we're reaching the point of no return on climate change - what will your legacy be?""","{'name': 'David Wescott', 'username': '@dwescott1', 'profile_id': '1462147072249921541', 'avatar': 'https://pbs.twimg.com/profile_images/1462147072249921541/7i20G3Az_bigger.jpg'}","Jul 28, 2007 ¬∑ 4:51 PM UTC",False,,{},"{'comments': 0, 'retweets': 0, 'quotes': 0, 'likes': 0}",[],[],[]
https://twitter.com/dwescott1/status/173278232#m,how will you define your legacy on climate change issues?,"{'name': 'David Wescott', 'username': '@dwescott1', 'profile_id': '1462147072249921541', 'avatar': 'https://pbs.twimg.com/profile_images/1462147072249921541/7i20G3Az_bigger.jpg'}","Jul 28, 2007 ¬∑ 4:51 PM UTC",False,,{},"{'comments': 0, 'retweets': 0, 'quotes': 0, 'likes': 0}",[],[],[]
https://twitter.com/jensimmons/status/173259612#m,the UK is underwater? Why has this not been in our news?? global fuckin climate change hits again. And only John Stewart is telling us.,"{'name': 'Jen Simmons', 'username': '@jensimmons', 'profile_id': '1273367498390462469', 'avatar': 'https://pbs.twimg.com/profile_images/1273367498390462469/qL9jZluF_bigger.jpg'}","Jul 28, 2007 ¬∑ 4:35 PM UTC",False,,{},"{'comments': 0, 'retweets': 0, 'quotes': 0, 'likes': 0}",[],[],[]
https://twitter.com/notnewscientist/status/172828022#m,Iodine enters the climate-change mix: Warming oceans will reduce the amount of iodine-carbon compoun.. http://tinyurl.com/ywp3fq,"{'name': 'New Scientist', 'username': '@notnewscientist', 'profile_id': 'default_profile_bigger.png', 'avatar': 'https://pbs.twimg.com/abs.twimg.com/sticky/default_profile_images/default_profile_bigger.png'}","Jul 28, 2007 ¬∑ 10:09 AM UTC",False,,{},"{'comments': 0, 'retweets': 0, 'quotes': 0, 'likes': 0}",[],[],[]
https://twitter.com/abcnews/status/170390952#m,Wild weather to worsen with climate change: expert: A Gold Coast academic says the frequency and severity.. http://tinyurl.com/2fe8uy,"{'name': 'ABC News', 'username': '@abcnews', 'profile_id': '1034589406005317632', 'avatar': 'https://pbs.twimg.com/profile_images/1034589406005317632/Cdi3F2ro_bigger.jpg'}","Jul 26, 2007 ¬∑ 11:34 PM UTC",False,,{},"{'comments': 0, 'retweets': 0, 'quotes': 0, 'likes': 0}",[],[],[]
https://twitter.com/sockrebel/status/170390832#m,learned a lot about climate change at a discussion at Ella Baker Center.,"{'name': 'sockrebel', 'username': '@sockrebel', 'profile_id': '378800000410680517', 'avatar': 'https://pbs.twimg.com/profile_images/378800000410680517/9a1f8f9a889122032823fb9cd41f1932_bigger.jpeg'}","Jul 26, 2007 ¬∑ 11:34 PM UTC",False,,{},"{'comments': 0, 'retweets': 0, 'quotes': 0, 'likes': 0}",[],[],[]
https://twitter.com/PSFK/status/170052372#m,PSFK: Envisioning Change: Combating Climate Change With Art: Can art change the world? This is the ques.. http://tinyurl.com/2ak2co,"{'name': 'PSFK', 'username': '@PSFK', 'profile_id': '23302582', 'avatar': 'https://pbs.twimg.com/profile_images/23302582/PSFK_Logo_big_bigger.jpg'}","Jul 26, 2007 ¬∑ 7:06 PM UTC",False,,{},"{'comments': 0, 'retweets': 0, 'quotes': 0, 'likes': 0}",[],[],[]
https://twitter.com/abcnews/status/169420682#m,Climate change to hit far north Qld hardest: Garrett: The Federal Opposition's environment spokesman Pete.. http://tinyurl.com/2johsw,"{'name': 'ABC News', 'username': '@abcnews', 'profile_id': '1034589406005317632', 'avatar': 'https://pbs.twimg.com/profile_images/1034589406005317632/Cdi3F2ro_bigger.jpg'}","Jul 26, 2007 ¬∑ 12:05 PM UTC",False,,{},"{'comments': 0, 'retweets': 0, 'quotes': 0, 'likes': 0}",[],[],[]
https://twitter.com/BBCScienceNews/status/168376722#m,Ozone could be a more important driver of climate change than scientists had previously thought. http://tinyurl.com/2jayo2,"{'name': 'BBC Science News', 'username': '@BBCScienceNews', 'profile_id': '1278363789474349056', 'avatar': 'https://pbs.twimg.com/profile_images/1278363789474349056/9nb06sun_bigger.jpg'}","Jul 25, 2007 ¬∑ 9:30 PM UTC",False,,{},"{'comments': 0, 'retweets': 0, 'quotes': 0, 'likes': 0}",[],[],[]
https://twitter.com/stltoday/status/167455382#m,Climate change fears reach Formula One racing : Talking about climate change at a Formula One race might.. http://tinyurl.com/3aunm2,"{'name': 'St. Louis Post-Dispatch', 'username': '@stltoday', 'profile_id': '1012913245701541888', 'avatar': 'https://pbs.twimg.com/profile_images/1012913245701541888/6rZJkrQL_bigger.jpg'}","Jul 25, 2007 ¬∑ 10:34 AM UTC",False,,{},"{'comments': 0, 'retweets': 0, 'quotes': 0, 'likes': 0}",[],[],[]
https://twitter.com/jenandtonica/status/167137912#m,Ironing makes me all sweaty.  Getting A/C doesn't really combat climate change does it?,"{'name': 'jen B', 'username': '@jenandtonica', 'profile_id': '254235281', 'avatar': 'https://pbs.twimg.com/profile_images/254235281/icon7_bigger.jpg'}","Jul 25, 2007 ¬∑ 5:57 AM UTC",False,,{},"{'comments': 0, 'retweets': 0, 'quotes': 0, 'likes': 0}",[],[],[]
https://twitter.com/abcnews/status/165048682#m,Labor pledges $150m to Asia-Pacific climate change fight: The Labor Party has promised poorer countries i.. http://tinyurl.com/38zcsl,"{'name': 'ABC News', 'username': '@abcnews', 'profile_id': '1034589406005317632', 'avatar': 'https://pbs.twimg.com/profile_images/1034589406005317632/Cdi3F2ro_bigger.jpg'}","Jul 24, 2007 ¬∑ 2:34 AM UTC",False,,{},"{'comments': 0, 'retweets': 0, 'quotes': 0, 'likes': 0}",[],[],[]
https://twitter.com/FastCompany/status/164934862#m,CNN/YouTube Debate: Climate Change: A global warming question was asked by a YouTube snowman characte.. http://tinyurl.com/yo4tez,"{'name': 'Fast Company', 'username': '@FastCompany', 'profile_id': '1051826427837014017', 'avatar': 'https://pbs.twimg.com/profile_images/1051826427837014017/v2TLU4mf_bigger.jpg'}","Jul 24, 2007 ¬∑ 1:05 AM UTC",False,,{},"{'comments': 0, 'retweets': 0, 'quotes': 0, 'likes': 0}",[],[],[]
https://twitter.com/BBCNews/status/164560362#m,"Human-induced climate change has affected global rainfall patterns over the 20th Century, a study suggests. http://tinyurl.com/ys3l23","{'name': 'BBC News (UK)', 'username': '@BBCNews', 'profile_id': '1529107486271225859', 'avatar': 'https://pbs.twimg.com/profile_images/1529107486271225859/03qcVNIk_bigger.jpg'}","Jul 23, 2007 ¬∑ 8:19 PM UTC",False,,{},"{'comments': 0, 'retweets': 0, 'quotes': 0, 'likes': 0}",[],[],[]
https://twitter.com/sw12/status/164545662#m,ITN video news: Flood link to climate change: Scientists have claimed there is a link bet.. http://tinyurl.com/2vpcvl,"{'name': 'Sam Dutton', 'username': '@sw12', 'profile_id': '800705546756100097', 'avatar': 'https://pbs.twimg.com/profile_images/800705546756100097/TJWzh-T6_bigger.jpg'}","Jul 23, 2007 ¬∑ 8:08 PM UTC",False,,{},"{'comments': 0, 'retweets': 0, 'quotes': 0, 'likes': 0}",[],[],[]
https://twitter.com/BBCWorld/status/164532832#m,"Human-induced climate change has affected global rainfall patterns over the 20th Century, a study suggests. http://tinyurl.com/36gxje","{'name': 'BBC News (World)', 'username': '@BBCWorld', 'profile_id': '1529107170448523264', 'avatar': 'https://pbs.twimg.com/profile_images/1529107170448523264/q3VwEx38_bigger.jpg'}","Jul 23, 2007 ¬∑ 8:00 PM UTC",False,,{},"{'comments': 0, 'retweets': 0, 'quotes': 0, 'likes': 0}",[],[],[]
https://twitter.com/BBCScienceNews/status/164532062#m,"Human-induced climate change has affected global rainfall patterns over the 20th Century, a study suggests. http://tinyurl.com/ys3l23","{'name': 'BBC Science News', 'username': '@BBCScienceNews', 'profile_id': '1278363789474349056', 'avatar': 'https://pbs.twimg.com/profile_images/1278363789474349056/9nb06sun_bigger.jpg'}","Jul 23, 2007 ¬∑ 8:00 PM UTC",False,,{},"{'comments': 0, 'retweets': 0, 'quotes': 0, 'likes': 0}",[],[],[]
https://twitter.com/BBCNews/status/163946642#m,Gordon Brown says climate change means the industrial world must plan for more extreme weather. http://tinyurl.com/2p9h6v,"{'name': 'BBC News (UK)', 'username': '@BBCNews', 'profile_id': '1529107486271225859', 'avatar': 'https://pbs.twimg.com/profile_images/1529107486271225859/03qcVNIk_bigger.jpg'}","Jul 23, 2007 ¬∑ 12:39 PM UTC",False,,{},"{'comments': 0, 'retweets': 0, 'quotes': 0, 'likes': 0}",[],[],[]
https://twitter.com/BBCWorld/status/163847992#m,Gordon Brown says climate change means the industrial world must plan for more extreme weather. http://tinyurl.com/2fanx8,"{'name': 'BBC News (World)', 'username': '@BBCWorld', 'profile_id': '1529107170448523264', 'avatar': 'https://pbs.twimg.com/profile_images/1529107170448523264/q3VwEx38_bigger.jpg'}","Jul 23, 2007 ¬∑ 11:10 AM UTC",False,,{},"{'comments': 0, 'retweets': 0, 'quotes': 0, 'likes': 0}",[],[],[]
https://twitter.com/BBCPolitics/status/163821782#m,Gordon Brown says climate change means the industrial world must prepare for more extreme weather. http://tinyurl.com/2p9h6v,"{'name': 'BBC Politics', 'username': '@BBCPolitics', 'profile_id': '1150756359497015298', 'avatar': 'https://pbs.twimg.com/profile_images/1150756359497015298/xXj2IfkW_bigger.png'}","Jul 23, 2007 ¬∑ 10:49 AM UTC",False,,{},"{'comments': 0, 'retweets': 0, 'quotes': 0, 'likes': 0}",[],[],[]
https://twitter.com/notnewscientist/status/163779902#m,Climate change linked to a millennium of war in China: Archives going back 1000 years show that conf.. http://tinyurl.com/yorp94,"{'name': 'New Scientist', 'username': '@notnewscientist', 'profile_id': 'default_profile_bigger.png', 'avatar': 'https://pbs.twimg.com/abs.twimg.com/sticky/default_profile_images/default_profile_bigger.png'}","Jul 23, 2007 ¬∑ 10:10 AM UTC",False,,{},"{'comments': 0, 'retweets': 0, 'quotes': 0, 'likes': 0}",[],[],[]
https://twitter.com/PoconoRecord/status/163454302#m,"News: States should take lead on climate change, governors say: TRAVERSE CITY, Mich. (AP) Ãµ.. http://tinyurl.com/2egknf","{'name': 'Pocono Record', 'username': '@PoconoRecord', 'profile_id': '707634965370970113', 'avatar': 'https://pbs.twimg.com/profile_images/707634965370970113/oV7h6iL__bigger.jpg'}","Jul 23, 2007 ¬∑ 5:20 AM UTC",False,,{},"{'comments': 0, 'retweets': 0, 'quotes': 0, 'likes': 0}",[],[],[]
https://twitter.com/PoconoRecord/status/163446992#m,"EPCN: States should take lead on climate change, governors say: TRAVERSE CITY, Mich. (AP) Ãµ.. http://tinyurl.com/27mdfv","{'name': 'Pocono Record', 'username': '@PoconoRecord', 'profile_id': '707634965370970113', 'avatar': 'https://pbs.twimg.com/profile_images/707634965370970113/oV7h6iL__bigger.jpg'}","Jul 23, 2007 ¬∑ 5:13 AM UTC",False,,{},"{'comments': 0, 'retweets': 0, 'quotes': 0, 'likes': 0}",[],[],[]
https://twitter.com/usnews/status/161742012#m,Governors Address Climate Change http://tinyurl.com/2gg7po,"{'name': 'U.S. News & World Report', 'username': '@usnews', 'profile_id': '1025457908320940032', 'avatar': 'https://pbs.twimg.com/profile_images/1025457908320940032/Fj1o-HH1_bigger.jpg'}","Jul 22, 2007 ¬∑ 1:04 AM UTC",False,,{},"{'comments': 0, 'retweets': 0, 'quotes': 0, 'likes': 0}",[],[],[]
https://twitter.com/abcnews/status/161543792#m,Govt climate change initiatives a 'PR exercise': Greenpeace says the Federal Government's global initiati.. http://tinyurl.com/2ffrzd,"{'name': 'ABC News', 'username': '@abcnews', 'profile_id': '1034589406005317632', 'avatar': 'https://pbs.twimg.com/profile_images/1034589406005317632/Cdi3F2ro_bigger.jpg'}","Jul 21, 2007 ¬∑ 9:04 PM UTC",False,,{},"{'comments': 0, 'retweets': 0, 'quotes': 0, 'likes': 0}",[],[],[]
https://twitter.com/ahoppin/status/159640382#m,Climate Change Netroots meeting.,"{'name': 'Andrew Hoppin', 'username': '@ahoppin', 'profile_id': '1497446330133712898', 'avatar': 'https://pbs.twimg.com/profile_images/1497446330133712898/YS7nUqAE_bigger.png'}","Jul 20, 2007 ¬∑ 3:24 PM UTC",False,,{},"{'comments': 0, 'retweets': 0, 'quotes': 0, 'likes': 0}",[],[],[]
https://twitter.com/CBCNews/status/159599782#m,Climate change could ruin fisheries: scientist: Climate change could cause more harm to fish stocks - and.. http://tinyurl.com/2crdem,"{'name': 'CBC News', 'username': '@CBCNews', 'profile_id': '1399862291823214594', 'avatar': 'https://pbs.twimg.com/profile_images/1399862291823214594/z7G6Syta_bigger.jpg'}","Jul 20, 2007 ¬∑ 3:01 PM UTC",False,,{},"{'comments': 0, 'retweets': 0, 'quotes': 0, 'likes': 0}",[],[],[]
https://twitter.com/kironobu/status/158345962#m,Really raining hard outside! Ontario is on the watch for climate change... hope everything's alright... HELP mother earth!,"{'name': 'Ron, ËéäÂøóÁ©é', 'username': '@kironobu', 'profile_id': '1235322712370950151', 'avatar': 'https://pbs.twimg.com/profile_images/1235322712370950151/xkFGW4M8_bigger.jpg'}","Jul 19, 2007 ¬∑ 11:01 PM UTC",False,,{},"{'comments': 0, 'retweets': 0, 'quotes': 0, 'likes': 0}",[],[],[]
https://twitter.com/opencrs/status/156416892#m,RL34067: Climate Change Legislation in the 110th Congress,"{'name': 'opencrs', 'username': '@opencrs', 'profile_id': '30393432', 'avatar': 'https://pbs.twimg.com/profile_images/30393432/ocrs_twitter_bigger.gif'}","Jul 18, 2007 ¬∑ 9:14 PM UTC",False,,{},"{'comments': 0, 'retweets': 0, 'quotes': 0, 'likes': 0}",[],[],[]
https://twitter.com/abcnews/status/155859862#m,Labor's ad approach pathetic: Howard: The Prime Minister John Howard says Labor's new climate change adve.. http://tinyurl.com/33hd8e,"{'name': 'ABC News', 'username': '@abcnews', 'profile_id': '1034589406005317632', 'avatar': 'https://pbs.twimg.com/profile_images/1034589406005317632/Cdi3F2ro_bigger.jpg'}","Jul 18, 2007 ¬∑ 2:06 PM UTC",False,,{},"{'comments': 0, 'retweets': 0, 'quotes': 0, 'likes': 0}",[],[],[]
https://twitter.com/joffw/status/155754382#m,is worried that we're already seeing the effects of climate change -The caf√© below where I work has been flooded twice in the last 2 days.,"{'name': 'Joff Williams', 'username': '@joffw', 'profile_id': '1281238652849401857', 'avatar': 'https://pbs.twimg.com/profile_images/1281238652849401857/6NpKOaLL_bigger.jpg'}","Jul 18, 2007 ¬∑ 12:52 PM UTC",False,,{},"{'comments': 0, 'retweets': 0, 'quotes': 0, 'likes': 0}",[],[],[]
https://twitter.com/abcnews/status/155537842#m,"Parties' climate change policies lack detail: Flannery: Australian of the Year, Tim Flannery, has attacke.. http://tinyurl.com/3bmfkj","{'name': 'ABC News', 'username': '@abcnews', 'profile_id': '1034589406005317632', 'avatar': 'https://pbs.twimg.com/profile_images/1034589406005317632/Cdi3F2ro_bigger.jpg'}","Jul 18, 2007 ¬∑ 9:34 AM UTC",False,,{},"{'comments': 0, 'retweets': 0, 'quotes': 0, 'likes': 0}",[],[],[]
https://twitter.com/lelak/status/154763142#m,"Wondering how many people will think the Sydney cold a demonstration that global warming is a myth: Climate Change, guys.","{'name': 'lelak', 'username': '@lelak', 'profile_id': '1181955636566691840', 'avatar': 'https://pbs.twimg.com/profile_images/1181955636566691840/uDkXVhNA_bigger.jpg'}","Jul 17, 2007 ¬∑ 10:01 PM UTC",False,,{},"{'comments': 0, 'retweets': 0, 'quotes': 0, 'likes': 0}",[],[],[]
https://twitter.com/FoxNews/status/154537152#m,SCIENCE: Climate Change: Do Scientists Know They're Right? http://tinyurl.com/2cx7od,"{'name': 'Fox News', 'username': '@FoxNews', 'profile_id': '1591278197844414464', 'avatar': 'https://pbs.twimg.com/profile_images/1591278197844414464/O6Fp0hFB_bigger.jpg'}","Jul 17, 2007 ¬∑ 6:47 PM UTC",False,,{},"{'comments': 0, 'retweets': 0, 'quotes': 0, 'likes': 0}",[],[],[]
https://twitter.com/abcnews/status/154240242#m,Major parties take climate change row online: An Internet war over climate change has broken out as the m.. http://tinyurl.com/249tgu,"{'name': 'ABC News', 'username': '@abcnews', 'profile_id': '1034589406005317632', 'avatar': 'https://pbs.twimg.com/profile_images/1034589406005317632/Cdi3F2ro_bigger.jpg'}","Jul 17, 2007 ¬∑ 3:06 PM UTC",False,,{},"{'comments': 0, 'retweets': 0, 'quotes': 0, 'likes': 0}",[],[],[]
https://twitter.com/scouta/status/153708642#m,"Prime Minister John Howard, climate change announcement -- http://scouta.com/faves/tJlIEvQIl3","{'name': 'Scouta', 'username': '@scouta', 'profile_id': '28491852', 'avatar': 'https://pbs.twimg.com/profile_images/28491852/character_scouta01_bigger.png'}","Jul 17, 2007 ¬∑ 7:59 AM UTC",False,,{},"{'comments': 0, 'retweets': 0, 'quotes': 0, 'likes': 0}",[],[],[]
https://twitter.com/PerthNorg/status/153261512#m,Lil\‚Äô John gets down on climate change via YouTube: Prime Minister John Howard has joined funky i.. http://tinyurl.com/264psp,"{'name': 'PerthNorg', 'username': '@PerthNorg', 'profile_id': '20386312', 'avatar': 'https://pbs.twimg.com/profile_images/20386312/PerthNorg_-_Your_News__Your_Views_bigger.jpg'}","Jul 17, 2007 ¬∑ 1:14 AM UTC",False,,{},"{'comments': 0, 'retweets': 0, 'quotes': 0, 'likes': 0}",[],[],[]
https://twitter.com/duncanriley/status/153223392#m,"@bronwen I dont think ""Lil John Gets Down on Climate Change"" is a particularly good headline for a site wanting to be taken seriously.","{'name': 'Duncan Riley', 'username': '@duncanriley', 'profile_id': '1654062372234088448', 'avatar': 'https://pbs.twimg.com/profile_images/1654062372234088448/gWxV0gr-_bigger.jpg'}","Jul 17, 2007 ¬∑ 12:40 AM UTC",False,,{},"{'comments': 0, 'retweets': 0, 'quotes': 0, 'likes': 0}",[],[],[]
https://twitter.com/chinaherald/status/152781892#m,China's vital wetlands shrinking due to climate change - China Daily http://tinyurl.com/3bnxd8,"{'name': 'China Herald', 'username': '@chinaherald', 'profile_id': '29599572', 'avatar': 'https://pbs.twimg.com/profile_images/29599572/ch_w_bigger.gif'}","Jul 16, 2007 ¬∑ 6:07 PM UTC",False,,{},"{'comments': 0, 'retweets': 0, 'quotes': 0, 'likes': 0}",[],[],[]
https://twitter.com/chinaherald/status/151705072#m,"US, China to get climate change chance at summit - China Daily http://tinyurl.com/ynsvy6","{'name': 'China Herald', 'username': '@chinaherald', 'profile_id': '29599572', 'avatar': 'https://pbs.twimg.com/profile_images/29599572/ch_w_bigger.gif'}","Jul 16, 2007 ¬∑ 2:04 AM UTC",False,,{},"{'comments': 0, 'retweets': 0, 'quotes': 0, 'likes': 0}",[],[],[]
https://twitter.com/chinaherald/status/150711442#m,Climate change sucks water from China's two longest rivers - Xinhua http://tinyurl.com/36krbn,"{'name': 'China Herald', 'username': '@chinaherald', 'profile_id': '29599572', 'avatar': 'https://pbs.twimg.com/profile_images/29599572/ch_w_bigger.gif'}","Jul 15, 2007 ¬∑ 8:05 AM UTC",False,,{},"{'comments': 0, 'retweets': 0, 'quotes': 0, 'likes': 0}",[],[],[]
https://twitter.com/nerdymark/status/149036522#m,Fla. gov. holds climate change summit (USA Today) http://tinyurl.com/29fk66,"{'name': 'nerdymark', 'username': '@nerdymark', 'profile_id': '1622985346454794240', 'avatar': 'https://pbs.twimg.com/profile_images/1622985346454794240/AnRDDc0W_bigger.jpg'}","Jul 14, 2007 ¬∑ 1:02 AM UTC",False,,{},"{'comments': 0, 'retweets': 0, 'quotes': 0, 'likes': 0}",[],[],[]
https://twitter.com/BBCScienceNews/status/148641142#m,India takes the first steps towards developing a national plan that will combat the effects of climate change. http://tinyurl.com/2gwjnu,"{'name': 'BBC Science News', 'username': '@BBCScienceNews', 'profile_id': '1278363789474349056', 'avatar': 'https://pbs.twimg.com/profile_images/1278363789474349056/9nb06sun_bigger.jpg'}","Jul 13, 2007 ¬∑ 6:30 PM UTC",False,,{},"{'comments': 0, 'retweets': 0, 'quotes': 0, 'likes': 0}",[],[],[]
https://twitter.com/BBCWorld/status/148609952#m,India takes the first steps towards developing a national plan that will combat the effects of climate change. http://tinyurl.com/2pwdxz,"{'name': 'BBC News (World)', 'username': '@BBCWorld', 'profile_id': '1529107170448523264', 'avatar': 'https://pbs.twimg.com/profile_images/1529107170448523264/q3VwEx38_bigger.jpg'}","Jul 13, 2007 ¬∑ 6:03 PM UTC",False,,{},"{'comments': 0, 'retweets': 0, 'quotes': 0, 'likes': 0}",[],[],[]
https://twitter.com/BBCNews/status/148604112#m,India takes the first steps towards developing a national plan that will combat the effects of climate change. http://tinyurl.com/2gwjnu,"{'name': 'BBC News (UK)', 'username': '@BBCNews', 'profile_id': '1529107486271225859', 'avatar': 'https://pbs.twimg.com/profile_images/1529107486271225859/03qcVNIk_bigger.jpg'}","Jul 13, 2007 ¬∑ 6:00 PM UTC",False,,{},"{'comments': 0, 'retweets': 0, 'quotes': 0, 'likes': 0}",[],[],[]
https://twitter.com/britcaster/status/148519132#m,AC Radio 87. Climate Change Carbon Footprint http://tinyurl.com/ytlrpj,"{'name': 'BritCaster', 'username': '@britcaster', 'profile_id': '20547062', 'avatar': 'https://pbs.twimg.com/profile_images/20547062/bigBCicon_bigger.jpg'}","Jul 13, 2007 ¬∑ 4:54 PM UTC",False,,{},"{'comments': 0, 'retweets': 0, 'quotes': 0, 'likes': 0}",[],[],[]
https://twitter.com/greenskeptic/status/148286142#m,Back from Climate Change Conference. Still buzzing with ideas...,"{'name': 'Scott Edward Andersonüíô', 'username': '@greenskeptic', 'profile_id': '1495787104391073796', 'avatar': 'https://pbs.twimg.com/profile_images/1495787104391073796/nEvJi3m8_bigger.jpg'}","Jul 13, 2007 ¬∑ 2:22 PM UTC",False,,{},"{'comments': 0, 'retweets': 0, 'quotes': 0, 'likes': 0}",[],[],[]
https://twitter.com/audio/status/148025582#m,Climate Change Carbon Footprint rant mid show http://www.audiocourses.com/podcasts/,"{'name': 'CharIieDiamond', 'username': '@audio', 'profile_id': '1729898828491329538', 'avatar': 'https://pbs.twimg.com/profile_images/1729898828491329538/zVIX4pK3_bigger.jpg'}","Jul 13, 2007 ¬∑ 11:07 AM UTC",False,,{},"{'comments': 0, 'retweets': 0, 'quotes': 0, 'likes': 0}",[],[],[]
https://twitter.com/nerdymark/status/147320982#m,Fla. gov. holds climate change summit (The Charlotte Observer) http://tinyurl.com/yo3hyc,"{'name': 'nerdymark', 'username': '@nerdymark', 'profile_id': '1622985346454794240', 'avatar': 'https://pbs.twimg.com/profile_images/1622985346454794240/AnRDDc0W_bigger.jpg'}","Jul 13, 2007 ¬∑ 12:06 AM UTC",False,,{},"{'comments': 0, 'retweets': 0, 'quotes': 0, 'likes': 0}",[],[],[]
https://twitter.com/nerdymark/status/147310072#m,Fla. gov. holds climate change summit (AP via Yahoo! News) http://tinyurl.com/245bzz,"{'name': 'nerdymark', 'username': '@nerdymark', 'profile_id': '1622985346454794240', 'avatar': 'https://pbs.twimg.com/profile_images/1622985346454794240/AnRDDc0W_bigger.jpg'}","Jul 12, 2007 ¬∑ 11:58 PM UTC",False,,{},"{'comments': 0, 'retweets': 0, 'quotes': 0, 'likes': 0}",[],[],[]
https://twitter.com/greenskeptic/status/147099642#m,Heading back from ELP/NJIT Climate Change Conference. Very jazzed about solutions.,"{'name': 'Scott Edward Andersonüíô', 'username': '@greenskeptic', 'profile_id': '1495787104391073796', 'avatar': 'https://pbs.twimg.com/profile_images/1495787104391073796/nEvJi3m8_bigger.jpg'}","Jul 12, 2007 ¬∑ 8:53 PM UTC",False,,{},"{'comments': 0, 'retweets': 0, 'quotes': 0, 'likes': 0}",[],[],[]
https://twitter.com/MiriamP/status/146515582#m,@cameronreilly I'm still not convinced that ALL of the climate changes are caused by greenhouse gasses.,"{'name': 'Miriam Parkinson', 'username': '@MiriamP', 'profile_id': '2736563094', 'avatar': 'https://pbs.twimg.com/profile_images/2736563094/3448a8405b6a2306c99f7520de540897_bigger.jpeg'}","Jul 12, 2007 ¬∑ 1:46 PM UTC",False,,{},"{'comments': 0, 'retweets': 0, 'quotes': 0, 'likes': 0}",[],[],[]
https://twitter.com/PaulReid/status/146485702#m,Looking forward to studio debate after the Climate Change Swindle doco - random fact overload of soundbytes reeks of polemic contrariness,"{'name': 'Paul Reid', 'username': '@PaulReid', 'profile_id': '724478066718711808', 'avatar': 'https://pbs.twimg.com/profile_images/724478066718711808/O1pl9x9X_bigger.jpg'}","Jul 12, 2007 ¬∑ 1:24 PM UTC",False,,{},"{'comments': 0, 'retweets': 0, 'quotes': 0, 'likes': 0}",[],[],[]
https://twitter.com/slashr/status/146421072#m,Watching the sarcastic panel session on climate change,"{'name': '@sasha@mastodon.xyz', 'username': '@slashr', 'profile_id': '1630519870088712194', 'avatar': 'https://pbs.twimg.com/profile_images/1630519870088712194/hMGdVewm_bigger.jpg'}","Jul 12, 2007 ¬∑ 12:35 PM UTC",False,,{},"{'comments': 0, 'retweets': 0, 'quotes': 0, 'likes': 0}",[],[],[]
https://twitter.com/sighmon/status/145869842#m,checking out some of the latest climate change websites.. http://www.worldchanging.com/archives/007016.html,"{'name': 'Simon Loffler', 'username': '@sighmon', 'profile_id': '1616347993665605632', 'avatar': 'https://pbs.twimg.com/profile_images/1616347993665605632/CZaXDWK2_bigger.jpg'}","Jul 12, 2007 ¬∑ 4:22 AM UTC",False,,{},"{'comments': 0, 'retweets': 0, 'quotes': 0, 'likes': 0}",[],[],[]
https://twitter.com/criana/status/145726822#m,10 billion dollars a month spent on Iraq...overheard on the news. Just think what 10 billion could towards climate change! pisses me off,"{'name': 'CRIANA', 'username': '@criana', 'profile_id': '1283062640638668804', 'avatar': 'https://pbs.twimg.com/profile_images/1283062640638668804/pNI7HUMO_bigger.jpg'}","Jul 12, 2007 ¬∑ 2:31 AM UTC",False,,{},"{'comments': 0, 'retweets': 0, 'quotes': 0, 'likes': 0}",[],[],[]
https://twitter.com/tomVS/status/145094442#m,"@Paulwalsh Have you installed Quicksilver yet on your Mac. Yes, it also cures climate change","{'name': 'Tom van Aardt', 'username': '@tomVS', 'profile_id': '58444724', 'avatar': 'https://pbs.twimg.com/profile_images/58444724/tom_bigger.jpg'}","Jul 11, 2007 ¬∑ 5:18 PM UTC",False,,{},"{'comments': 0, 'retweets': 0, 'quotes': 0, 'likes': 0}",[],[],[]
https://twitter.com/KazHatase/status/145068872#m,Revising a paper about the economic modeling of climate change. This is originally presented at a conference held in March this year.,"{'name': 'Áï†ÁÄ¨ÂíåÂøó (Kazushi Hatase)', 'username': '@KazHatase', 'profile_id': '1404660421974380555', 'avatar': 'https://pbs.twimg.com/profile_images/1404660421974380555/ZSg2uPaA_bigger.jpg'}","Jul 11, 2007 ¬∑ 5:01 PM UTC",False,,{},"{'comments': 0, 'retweets': 0, 'quotes': 0, 'likes': 0}",[],[],[]
https://twitter.com/reddit_feed/status/144722182#m,No sun link to climate change. A new scientific study concludes that changes in the Sun's output cannot be causing modern-d.. : http://tinyu,"{'name': 'Reddit The Alien', 'username': '@reddit_feed', 'profile_id': '20620962', 'avatar': 'https://pbs.twimg.com/profile_images/20620962/redditpic_bigger.jpg'}","Jul 11, 2007 ¬∑ 12:58 PM UTC",False,,{},"{'comments': 0, 'retweets': 0, 'quotes': 0, 'likes': 0}",[],[],[]
https://twitter.com/bruceboughton/status/144516862#m,Discussing climate change with the Madgex crew,"{'name': ' ô Ä·¥ú·¥Ñ·¥á  ô·¥è·¥ú…¢ ú·¥õ·¥è…¥', 'username': '@bruceboughton', 'profile_id': '1332972751095812096', 'avatar': 'https://pbs.twimg.com/profile_images/1332972751095812096/_EhNN5jA_bigger.jpg'}","Jul 11, 2007 ¬∑ 10:02 AM UTC",False,,{},"{'comments': 0, 'retweets': 0, 'quotes': 0, 'likes': 0}",[],[],[]
https://twitter.com/paxnews/status/144385612#m,"Australia's Labor says would work with Japan on climate change, peace (Kyodo via Yahoo! Asia News):  _ Au.. http://tinyurl.com/32rrkb","{'name': 'peace news', 'username': '@paxnews', 'profile_id': '19593232', 'avatar': 'https://pbs.twimg.com/profile_images/19593232/250px-Peace_symbol.svg_bigger.png'}","Jul 11, 2007 ¬∑ 8:06 AM UTC",False,,{},"{'comments': 0, 'retweets': 0, 'quotes': 0, 'likes': 0}",[],[],[]
https://twitter.com/panda/status/144337232#m,Panda News: Sun's activity not to blame for climate change - Register: Sun's activity no.. http://tinyurl.com/3454td,"{'name': 'Panda', 'username': '@panda', 'profile_id': '18920332', 'avatar': 'https://pbs.twimg.com/profile_images/18920332/lil_peachieness_bigger.jpg'}","Jul 11, 2007 ¬∑ 7:34 AM UTC",False,,{},"{'comments': 0, 'retweets': 0, 'quotes': 0, 'likes': 0}",[],[],[]
https://twitter.com/AJEnglish/status/144285172#m,"Sun 'not behind climate change': Study adds to evidence that human activity, not na.. http://tinyurl.com/3db39j","{'name': 'Al Jazeera English', 'username': '@AJEnglish', 'profile_id': '1567510144015106049', 'avatar': 'https://pbs.twimg.com/profile_images/1567510144015106049/6L5e_S1N_bigger.jpg'}","Jul 11, 2007 ¬∑ 7:00 AM UTC",False,,{},"{'comments': 0, 'retweets': 0, 'quotes': 0, 'likes': 0}",[],[],[]
https://twitter.com/khennessy/status/143611532#m,Putting together a Top 10 Tips for company climate change and trying not to feel unqualified,"{'name': 'Kate Hennessy', 'username': '@khennessy', 'profile_id': '710612702', 'avatar': 'https://pbs.twimg.com/profile_images/710612702/P1020769_bigger.JPG'}","Jul 10, 2007 ¬∑ 9:13 PM UTC",False,,{},"{'comments': 0, 'retweets': 0, 'quotes': 0, 'likes': 0}",[],[],[]
https://twitter.com/thenakedtruth7/status/143061002#m,We don't believe there is a climate crisis but normal changes that God ordains and is in control of as He is in everthing!,"{'name': 'Terri H Hunter', 'username': '@thenakedtruth7', 'profile_id': 'default_profile_bigger.png', 'avatar': 'https://pbs.twimg.com/abs.twimg.com/sticky/default_profile_images/default_profile_bigger.png'}","Jul 10, 2007 ¬∑ 2:16 PM UTC",False,,{},"{'comments': 0, 'retweets': 0, 'quotes': 0, 'likes': 0}",[],[],[]
https://twitter.com/BluesBro/status/142812602#m,"at least 90,000 homes in Auckland without power and winds up to 100 mph tonight its called climate change","{'name': 'Luigi Cappel', 'username': '@BluesBro', 'profile_id': '1188267634329915394', 'avatar': 'https://pbs.twimg.com/profile_images/1188267634329915394/CqiNRFUv_bigger.jpg'}","Jul 10, 2007 ¬∑ 10:57 AM UTC",False,,{},"{'comments': 0, 'retweets': 0, 'quotes': 0, 'likes': 0}",[],[],[]
https://twitter.com/shanghaiist/status/142556502#m,"Snippets: Chinese journalism, death sentences and climate change: Imagethief: Are Chinese journalists.. http://tinyurl.com/3xoac9","{'name': 'Shanghaiist', 'username': '@shanghaiist', 'profile_id': '1077882717109313536', 'avatar': 'https://pbs.twimg.com/profile_images/1077882717109313536/Ox_KX0Cc_bigger.jpg'}","Jul 10, 2007 ¬∑ 7:02 AM UTC",False,,{},"{'comments': 0, 'retweets': 0, 'quotes': 0, 'likes': 0}",[],[],[]
https://twitter.com/panda/status/141624542#m,Panda News: CLIMATE CHANGE: Pop Stars Belt Out Global Wake-Up Call - Inter Press Service (subscr.. http://tinyurl.com/ysfy3a,"{'name': 'Panda', 'username': '@panda', 'profile_id': '18920332', 'avatar': 'https://pbs.twimg.com/profile_images/18920332/lil_peachieness_bigger.jpg'}","Jul 9, 2007 ¬∑ 4:35 PM UTC",False,,{},"{'comments': 0, 'retweets': 0, 'quotes': 0, 'likes': 0}",[],[],[]
https://twitter.com/hjonez/status/141599032#m,"Monday morning KQED: climate change, forest fires, murder rates in the bay area, & gangs. DOOM! I hope they stop it before I slit my wrists.","{'name': 'O‚ÄôMally', 'username': '@hjonez', 'profile_id': '1593659178236940289', 'avatar': 'https://pbs.twimg.com/profile_images/1593659178236940289/vVIETWhP_bigger.jpg'}","Jul 9, 2007 ¬∑ 4:15 PM UTC",False,,{},"{'comments': 0, 'retweets': 0, 'quotes': 0, 'likes': 0}",[],[],[]
https://twitter.com/nerdymark/status/140421072#m,Radical vision to halt climate change (The Herald) http://tinyurl.com/2y7wc4,"{'name': 'nerdymark', 'username': '@nerdymark', 'profile_id': '1622985346454794240', 'avatar': 'https://pbs.twimg.com/profile_images/1622985346454794240/AnRDDc0W_bigger.jpg'}","Jul 8, 2007 ¬∑ 10:04 PM UTC",False,,{},"{'comments': 0, 'retweets': 0, 'quotes': 0, 'likes': 0}",[],[],[]
https://twitter.com/Ed4th/status/140119442#m,LIVE EARTH was a shameless self promotional pile of CRAP that served to only increase climate change and line pockets,"{'name': 'Radical Edward', 'username': '@Ed4th', 'profile_id': '27109192', 'avatar': 'https://pbs.twimg.com/profile_images/27109192/radicalE_bigger.jpg'}","Jul 8, 2007 ¬∑ 4:28 PM UTC",False,,{},"{'comments': 0, 'retweets': 0, 'quotes': 0, 'likes': 0}",[],[],[]
https://twitter.com/mrmovie/status/139964592#m,Reuters: Stars Rock the Globe for Climate Change - http://tinyurl.com/yqqnkq,"{'name': 'MrMovie', 'username': '@mrmovie', 'profile_id': '2575550400', 'avatar': 'https://pbs.twimg.com/profile_images/2575550400/9ok59p3fd7u3e85fjh07_bigger.jpeg'}","Jul 8, 2007 ¬∑ 2:00 PM UTC",False,,{},"{'comments': 0, 'retweets': 0, 'quotes': 0, 'likes': 0}",[],[],[]
https://twitter.com/emotioner/status/139819142#m,Climate change on world stage http://tinyurl.com/yw2xk3,"{'name': 'geng wang', 'username': '@emotioner', 'profile_id': 'default_profile_bigger.png', 'avatar': 'https://pbs.twimg.com/abs.twimg.com/sticky/default_profile_images/default_profile_bigger.png'}","Jul 8, 2007 ¬∑ 11:20 AM UTC",False,,{},"{'comments': 0, 'retweets': 0, 'quotes': 0, 'likes': 0}",[],[],[]
https://twitter.com/bensales/status/139814562#m,Celebrities: Don't preach to me about climate change. (I'm looking at you Bono). Live Earth = Sucks.,"{'name': 'Ben', 'username': '@bensales', 'profile_id': '618333702066675713', 'avatar': 'https://pbs.twimg.com/profile_images/618333702066675713/PFHgvRCz_bigger.jpg'}","Jul 8, 2007 ¬∑ 11:15 AM UTC",False,,{},"{'comments': 0, 'retweets': 0, 'quotes': 0, 'likes': 0}",[],[],[]
https://twitter.com/panda/status/139805052#m,Panda News: Climate change fails to excite at Live Earth Johannesburg - Jurnalo: Climate change .. http://tinyurl.com/2j2kql,"{'name': 'Panda', 'username': '@panda', 'profile_id': '18920332', 'avatar': 'https://pbs.twimg.com/profile_images/18920332/lil_peachieness_bigger.jpg'}","Jul 8, 2007 ¬∑ 11:04 AM UTC",False,,{},"{'comments': 0, 'retweets': 0, 'quotes': 0, 'likes': 0}",[],[],[]
https://twitter.com/spjwebster/status/139745742#m,infuriated by the 'bury you head in the sand' crowd on BBC News - Have Your Say who think that climate change is a government scam.,"{'name': 'Steve Webster', 'username': '@spjwebster', 'profile_id': '19059702', 'avatar': 'https://pbs.twimg.com/profile_images/19059702/steve-avatar_bigger.png'}","Jul 8, 2007 ¬∑ 9:45 AM UTC",False,,{},"{'comments': 0, 'retweets': 0, 'quotes': 0, 'likes': 0}",[],[],[]
https://twitter.com/nytimesarts/status/139691272#m,Music Review | Live Earth: A Global Chorus on Climate Change http://tinyurl.com/26p9vh,"{'name': 'New York Times Arts', 'username': '@nytimesarts', 'profile_id': '964180969702895616', 'avatar': 'https://pbs.twimg.com/profile_images/964180969702895616/wJcdJ1MU_bigger.jpg'}","Jul 8, 2007 ¬∑ 8:30 AM UTC",False,,{},"{'comments': 0, 'retweets': 0, 'quotes': 0, 'likes': 0}",[],[],[]
https://twitter.com/Reuters/status/139461232#m,Stars rock the globe for climate change http://tinyurl.com/2au3dx,"{'name': 'Reuters', 'username': '@Reuters', 'profile_id': '1194751949821939712', 'avatar': 'https://pbs.twimg.com/profile_images/1194751949821939712/3VBu4_Sa_bigger.jpg'}","Jul 8, 2007 ¬∑ 3:40 AM UTC",False,,{},"{'comments': 0, 'retweets': 0, 'quotes': 0, 'likes': 0}",[],[],[]
https://twitter.com/FRANCE24/status/139385132#m,www.france24.com Stars rock around the world for climate change: Some of the world's big.. http://tinyurl.com/yoh9kj,"{'name': 'FRANCE 24', 'username': '@FRANCE24', 'profile_id': '1323595938343038976', 'avatar': 'https://pbs.twimg.com/profile_images/1323595938343038976/hnvK-_Yp_bigger.jpg'}","Jul 8, 2007 ¬∑ 2:13 AM UTC",False,,{},"{'comments': 0, 'retweets': 0, 'quotes': 0, 'likes': 0}",[],[],[]
https://twitter.com/Canoe/status/139219792#m,Canadians stage Live Earth fringe parties in fight against climate change:   MONTREAL (CP) - As internation.. http://tinyurl.com/yoetly,"{'name': 'Canoe', 'username': '@Canoe', 'profile_id': '981193465097723904', 'avatar': 'https://pbs.twimg.com/profile_images/981193465097723904/D-pxDLxK_bigger.jpg'}","Jul 7, 2007 ¬∑ 11:04 PM UTC",False,,{},"{'comments': 0, 'retweets': 0, 'quotes': 0, 'likes': 0}",[],[],[]
https://twitter.com/abcnews/status/139169292#m,Barra could head south as climate change hits: North Australian barramundi may be forced to migrate as fa.. http://tinyurl.com/32gzjw,"{'name': 'ABC News', 'username': '@abcnews', 'profile_id': '1034589406005317632', 'avatar': 'https://pbs.twimg.com/profile_images/1034589406005317632/Cdi3F2ro_bigger.jpg'}","Jul 7, 2007 ¬∑ 10:05 PM UTC",False,,{},"{'comments': 0, 'retweets': 0, 'quotes': 0, 'likes': 0}",[],[],[]
https://twitter.com/sizemore/status/139148732#m,Up to date on Live Earth now. If the answer to climate change is Duran fucking Duran we are more fucked than I thought. Jesus.,"{'name': 'sizemore', 'username': '@sizemore', 'profile_id': '1305473283287023625', 'avatar': 'https://pbs.twimg.com/profile_images/1305473283287023625/RIyDrZQz_bigger.jpg'}","Jul 7, 2007 ¬∑ 9:41 PM UTC",False,,{},"{'comments': 0, 'retweets': 0, 'quotes': 0, 'likes': 1}",[],[],[]
https://twitter.com/abcnews/status/139118312#m,Stars rock for climate change: Some of the world's biggest pop stars have been performing at Live Earth c.. http://tinyurl.com/327top,"{'name': 'ABC News', 'username': '@abcnews', 'profile_id': '1034589406005317632', 'avatar': 'https://pbs.twimg.com/profile_images/1034589406005317632/Cdi3F2ro_bigger.jpg'}","Jul 7, 2007 ¬∑ 9:05 PM UTC",False,,{},"{'comments': 0, 'retweets': 0, 'quotes': 0, 'likes': 0}",[],[],[]
https://twitter.com/timensor/status/139100802#m,I know. Lets fly a bunch of people around the world and get a load of people to drive to a series of huge concerts to stop climate change.,"{'name': 'Tim Ensor', 'username': '@timensor', 'profile_id': '228011920', 'avatar': 'https://pbs.twimg.com/profile_images/228011920/Zombatar_bigger.jpg'}","Jul 7, 2007 ¬∑ 8:44 PM UTC",False,,{},"{'comments': 0, 'retweets': 0, 'quotes': 0, 'likes': 0}",[],[],[]
https://twitter.com/philcampbell/status/139042612#m,it's good to see that people are passionate about climate change.  why do we sell cheap lightbulbs if they are bad?,"{'name': ""Phil 'dm' Campbell"", 'username': '@philcampbell', 'profile_id': '1649455027642064896', 'avatar': 'https://pbs.twimg.com/profile_images/1649455027642064896/pUZd8JBs_bigger.jpg'}","Jul 7, 2007 ¬∑ 7:40 PM UTC",False,,{},"{'comments': 0, 'retweets': 0, 'quotes': 0, 'likes': 0}",[],[],[]
https://twitter.com/Reuters/status/138683372#m,Pop stars rock climate change gigs around the world http://tinyurl.com/22xfe9,"{'name': 'Reuters', 'username': '@Reuters', 'profile_id': '1194751949821939712', 'avatar': 'https://pbs.twimg.com/profile_images/1194751949821939712/3VBu4_Sa_bigger.jpg'}","Jul 7, 2007 ¬∑ 1:55 PM UTC",False,,{},"{'comments': 0, 'retweets': 0, 'quotes': 0, 'likes': 0}",[],[],[]
https://twitter.com/TimesLIVE/status/138530032#m,Breaking News: Climate change impacting on Africa: Live Earth stars: AFP - The visib.. http://tinyurl.com/yqe9k4,"{'name': 'Times LIVE', 'username': '@TimesLIVE', 'profile_id': '1641401534125682688', 'avatar': 'https://pbs.twimg.com/profile_images/1641401534125682688/DJ8GVmm4_bigger.jpg'}","Jul 7, 2007 ¬∑ 11:06 AM UTC",False,,{},"{'comments': 0, 'retweets': 0, 'quotes': 0, 'likes': 0}",[],[],[]
https://twitter.com/Reuters/status/138519922#m,"Tokyo, Sydney kick off climate change concerts http://tinyurl.com/22xfe9","{'name': 'Reuters', 'username': '@Reuters', 'profile_id': '1194751949821939712', 'avatar': 'https://pbs.twimg.com/profile_images/1194751949821939712/3VBu4_Sa_bigger.jpg'}","Jul 7, 2007 ¬∑ 10:55 AM UTC",False,,{},"{'comments': 0, 'retweets': 0, 'quotes': 0, 'likes': 0}",[],[],[]
https://twitter.com/eaonp/status/138514272#m,cant wait for some real insights on climate change from Madonna. eh? live earth = load of bollocks. i feel a blog post coming on...nyaaargh.,"{'name': 'Eaon¬©', 'username': '@eaonp', 'profile_id': '1727573899393769472', 'avatar': 'https://pbs.twimg.com/profile_images/1727573899393769472/gMaq9sAK_bigger.jpg'}","Jul 7, 2007 ¬∑ 10:47 AM UTC",False,,{},"{'comments': 0, 'retweets': 0, 'quotes': 0, 'likes': 0}",[],[],[]
https://twitter.com/longzheng/status/138504082#m,Crowded House just swore on international TV. All for climate change!,"{'name': 'Long Zheng', 'username': '@longzheng', 'profile_id': '1121758659497742336', 'avatar': 'https://pbs.twimg.com/profile_images/1121758659497742336/RVFsQuvo_bigger.jpg'}","Jul 7, 2007 ¬∑ 10:33 AM UTC",False,,{},"{'comments': 0, 'retweets': 0, 'quotes': 0, 'likes': 0}",[],[],[]
https://twitter.com/JapanNewsFeeds/status/138433702#m,CBC North  Global Live Earth rocks for climate change Cherry Hill Courier Post - 1 hour ago ANTHONY HARVEY/AP AP file By EDNA GUNDERSEN Al G,"{'name': 'JapanNewsFeeds', 'username': '@JapanNewsFeeds', 'profile_id': '486302740478320640', 'avatar': 'https://pbs.twimg.com/profile_images/486302740478320640/aMcys4nF_bigger.jpeg'}","Jul 7, 2007 ¬∑ 9:03 AM UTC",False,,{},"{'comments': 0, 'retweets': 0, 'quotes': 0, 'likes': 0}",[],[],[]
https://twitter.com/Reuters/status/138112322#m,Sydney rocks in first of climate change concerts http://tinyurl.com/22xfe9,"{'name': 'Reuters', 'username': '@Reuters', 'profile_id': '1194751949821939712', 'avatar': 'https://pbs.twimg.com/profile_images/1194751949821939712/3VBu4_Sa_bigger.jpg'}","Jul 7, 2007 ¬∑ 2:55 AM UTC",False,,{},"{'comments': 0, 'retweets': 0, 'quotes': 0, 'likes': 0}",[],[],[]
https://twitter.com/BBCWorld/status/137883812#m,"Sydney is set to be the first city to hold a Live Earth concert, a global event highlighting climate change. http://tinyurl.com/2ecx86","{'name': 'BBC News (World)', 'username': '@BBCWorld', 'profile_id': '1529107170448523264', 'avatar': 'https://pbs.twimg.com/profile_images/1529107170448523264/q3VwEx38_bigger.jpg'}","Jul 6, 2007 ¬∑ 11:00 PM UTC",False,,{},"{'comments': 0, 'retweets': 0, 'quotes': 0, 'likes': 0}",[],[],[]
https://twitter.com/BBCNews/status/137883182#m,"Sydney is set to be the first city to hold a Live Earth concert, a global event highlighting climate change. http://tinyurl.com/32sd8k","{'name': 'BBC News (UK)', 'username': '@BBCNews', 'profile_id': '1529107486271225859', 'avatar': 'https://pbs.twimg.com/profile_images/1529107486271225859/03qcVNIk_bigger.jpg'}","Jul 6, 2007 ¬∑ 11:00 PM UTC",False,,{},"{'comments': 0, 'retweets': 0, 'quotes': 0, 'likes': 0}",[],[],[]
https://twitter.com/Reuters/status/137081902#m,Rock stars tackle cynics as well as climate change http://tinyurl.com/23dvz7,"{'name': 'Reuters', 'username': '@Reuters', 'profile_id': '1194751949821939712', 'avatar': 'https://pbs.twimg.com/profile_images/1194751949821939712/3VBu4_Sa_bigger.jpg'}","Jul 6, 2007 ¬∑ 11:56 AM UTC",False,,{},"{'comments': 0, 'retweets': 0, 'quotes': 0, 'likes': 0}",[],[],[]
https://twitter.com/stltoday/status/136999782#m,"Critics pan climate change gigs: Read full story for latest details.  http://tinyurl.com/32l3pk","{'name': 'St. Louis Post-Dispatch', 'username': '@stltoday', 'profile_id': '1012913245701541888', 'avatar': 'https://pbs.twimg.com/profile_images/1012913245701541888/6rZJkrQL_bigger.jpg'}","Jul 6, 2007 ¬∑ 10:37 AM UTC",False,,{},"{'comments': 0, 'retweets': 0, 'quotes': 0, 'likes': 0}",[],[],[]
https://twitter.com/cnni/status/136994182#m,"Critics pan climate change gigs: Read full story for latest details.  http://tinyurl.com/2p4kj4","{'name': 'CNN International', 'username': '@cnni', 'profile_id': '1605231418208034816', 'avatar': 'https://pbs.twimg.com/profile_images/1605231418208034816/3zypo5XV_bigger.jpg'}","Jul 6, 2007 ¬∑ 10:30 AM UTC",False,,{},"{'comments': 0, 'retweets': 0, 'quotes': 0, 'likes': 0}",[],[],[]
https://twitter.com/irfant/status/136788282#m,"Hey, it's rain. No it isn't. Yes it is. Strange weather. Blame for the climate change. Blame USA.","{'name': 'Irfan Toni H', 'username': '@irfant', 'profile_id': '1328368783606517760', 'avatar': 'https://pbs.twimg.com/profile_images/1328368783606517760/lp3i7YyL_bigger.jpg'}","Jul 6, 2007 ¬∑ 7:26 AM UTC",False,,{},"{'comments': 0, 'retweets': 0, 'quotes': 0, 'likes': 0}",[],[],[]
https://twitter.com/YeehawUp/status/136708472#m,Listening to Climate Change USA on Pluggd http://tinyurl.com/2huqo7,"{'name': 'Scott Yee', 'username': '@YeehawUp', 'profile_id': '405972889', 'avatar': 'https://pbs.twimg.com/profile_images/405972889/yeehaw-square_bigger.jpg'}","Jul 6, 2007 ¬∑ 6:08 AM UTC",False,,{},"{'comments': 0, 'retweets': 0, 'quotes': 0, 'likes': 0}",[],[],[]
https://twitter.com/jlongtine/status/136240082#m,Just got done with an article about global climate change. Hard problem... Maybe we're all screwed. Maybe we're not.,"{'name': 'Joel Longtine', 'username': '@jlongtine', 'profile_id': '1315626277219438597', 'avatar': 'https://pbs.twimg.com/profile_images/1315626277219438597/jeTjoFiR_bigger.jpg'}","Jul 5, 2007 ¬∑ 10:36 PM UTC",False,,{},"{'comments': 0, 'retweets': 0, 'quotes': 0, 'likes': 0}",[],[],[]
https://twitter.com/globalvoices/status/134967412#m,Yemen: Arabs Oblivious to Climate Change: The Arab world seems to be oblivious of climate change and.. http://tinyurl.com/2wwnxh,"{'name': 'Global Voices', 'username': '@globalvoices', 'profile_id': '469223261323018240', 'avatar': 'https://pbs.twimg.com/profile_images/469223261323018240/OvCrbQzO_bigger.png'}","Jul 5, 2007 ¬∑ 4:01 AM UTC",False,,{},"{'comments': 0, 'retweets': 0, 'quotes': 0, 'likes': 0}",[],[],[]
https://twitter.com/tobin/status/134614702#m,"How much is John Howard probably loving the England terrorist news? After all, we can't change leaders in such an unstable climate... bah :(","{'name': 'Andrew Tobin', 'username': '@tobin', 'profile_id': '3089234960', 'avatar': 'https://pbs.twimg.com/profile_images/3089234960/c018dd55dccbcac0c61bf0f0b7b5bf74_bigger.png'}","Jul 4, 2007 ¬∑ 10:13 PM UTC",False,,{},"{'comments': 0, 'retweets': 0, 'quotes': 0, 'likes': 0}",[],[],[]
https://twitter.com/BBCScienceNews/status/133852802#m,Experts in Chile say the disappearance of a lake in the south of the country was caused by climate change. http://tinyurl.com/2s4cbh,"{'name': 'BBC Science News', 'username': '@BBCScienceNews', 'profile_id': '1278363789474349056', 'avatar': 'https://pbs.twimg.com/profile_images/1278363789474349056/9nb06sun_bigger.jpg'}","Jul 4, 2007 ¬∑ 11:00 AM UTC",False,,{},"{'comments': 0, 'retweets': 0, 'quotes': 0, 'likes': 0}",[],[],[]
https://twitter.com/BBCWorld/status/133834702#m,Experts in Chile say the disappearance of a lake in the south of the country was caused by climate change. http://tinyurl.com/yvzoyv,"{'name': 'BBC News (World)', 'username': '@BBCWorld', 'profile_id': '1529107170448523264', 'avatar': 'https://pbs.twimg.com/profile_images/1529107170448523264/q3VwEx38_bigger.jpg'}","Jul 4, 2007 ¬∑ 10:40 AM UTC",False,,{},"{'comments': 0, 'retweets': 0, 'quotes': 0, 'likes': 0}",[],[],[]
https://twitter.com/rnz_news/status/133798732#m,Tenders to be called for DoC land for climate change projects:  Six blocks of conservation land totallin.. http://tinyurl.com/3bgs6a,"{'name': 'RNZ News', 'username': '@rnz_news', 'profile_id': '1637631177736753154', 'avatar': 'https://pbs.twimg.com/profile_images/1637631177736753154/7xAU7HpZ_bigger.jpg'}","Jul 4, 2007 ¬∑ 10:07 AM UTC",False,,{},"{'comments': 0, 'retweets': 0, 'quotes': 0, 'likes': 0}",[],[],[]
https://twitter.com/rnz_news/status/133728512#m,Tenders to be called for DoC land for climate change projects:  Six blocks of conservation land totallin.. http://tinyurl.com/3xqegf,"{'name': 'RNZ News', 'username': '@rnz_news', 'profile_id': '1637631177736753154', 'avatar': 'https://pbs.twimg.com/profile_images/1637631177736753154/7xAU7HpZ_bigger.jpg'}","Jul 4, 2007 ¬∑ 9:07 AM UTC",False,,{},"{'comments': 0, 'retweets': 0, 'quotes': 0, 'likes': 0}",[],[],[]
https://twitter.com/CampaignTechUK/status/133693702#m,Celebrities back Friends of the Earth climate change campaign: LONDON - Friends of the Earth has ga.. http://tinyurl.com/2q74q9,"{'name': 'CampaignTechUK', 'username': '@CampaignTechUK', 'profile_id': '866675970996129793', 'avatar': 'https://pbs.twimg.com/profile_images/866675970996129793/WsYgUcTQ_bigger.jpg'}","Jul 4, 2007 ¬∑ 8:37 AM UTC",False,,{},"{'comments': 0, 'retweets': 0, 'quotes': 0, 'likes': 0}",[],[],[]
https://twitter.com/rnz_news/status/133659492#m,Tenders to be called for DoC land for climate change projects:  Six blocks of conservation land totallin.. http://tinyurl.com/33un69,"{'name': 'RNZ News', 'username': '@rnz_news', 'profile_id': '1637631177736753154', 'avatar': 'https://pbs.twimg.com/profile_images/1637631177736753154/7xAU7HpZ_bigger.jpg'}","Jul 4, 2007 ¬∑ 8:07 AM UTC",False,,{},"{'comments': 0, 'retweets': 0, 'quotes': 0, 'likes': 0}",[],[],[]
https://twitter.com/notnewscientist/status/132582222#m,"Climate change may be drying Arctic ponds : Pools that have existed for thousands of years, and prov.. http://tinyurl.com/35h2no","{'name': 'New Scientist', 'username': '@notnewscientist', 'profile_id': 'default_profile_bigger.png', 'avatar': 'https://pbs.twimg.com/abs.twimg.com/sticky/default_profile_images/default_profile_bigger.png'}","Jul 3, 2007 ¬∑ 4:08 PM UTC",False,,{},"{'comments': 0, 'retweets': 0, 'quotes': 0, 'likes': 0}",[],[],[]
https://twitter.com/abcnews/status/132401222#m,Britons believe climate change threat 'exaggerated': An opinion poll carried out in Britain has found tha.. http://tinyurl.com/2t4bws,"{'name': 'ABC News', 'username': '@abcnews', 'profile_id': '1034589406005317632', 'avatar': 'https://pbs.twimg.com/profile_images/1034589406005317632/Cdi3F2ro_bigger.jpg'}","Jul 3, 2007 ¬∑ 2:05 PM UTC",False,,{},"{'comments': 0, 'retweets': 0, 'quotes': 0, 'likes': 0}",[],[],[]
https://twitter.com/rayfix/status/131430792#m,Just read an op-ed piece by Al Gore about the ever pressing topic of climate change.  http://www.nytimes.com/2007/07/01/opinion/01gore.html,"{'name': 'Ray Fix', 'username': '@rayfix', 'profile_id': '967296427792637952', 'avatar': 'https://pbs.twimg.com/profile_images/967296427792637952/68KFBUzN_bigger.jpg'}","Jul 2, 2007 ¬∑ 11:42 PM UTC",False,,{},"{'comments': 0, 'retweets': 0, 'quotes': 0, 'likes': 0}",[],[],[]
https://twitter.com/Drusy/status/131002892#m,"@steverunner I finished recording the climate change with Nick yesterday, but he wanted to hear it edited before I sent it. Today!","{'name': 'Toni Harvey', 'username': '@Drusy', 'profile_id': '69373916', 'avatar': 'https://pbs.twimg.com/profile_images/69373916/Toni_bigger.jpg'}","Jul 2, 2007 ¬∑ 5:40 PM UTC",False,,{},"{'comments': 0, 'retweets': 0, 'quotes': 0, 'likes': 0}",[],[],[]
https://twitter.com/bmian/status/130263132#m,"Dawn WHO urges Asia to prepare for climate change crises:   KUALA LUMPUR, July 2 (Reuters): Asian nati.. http://tinyurl.com/2fxz25","{'name': 'BTM', 'username': '@bmian', 'profile_id': '1275641950482214912', 'avatar': 'https://pbs.twimg.com/profile_images/1275641950482214912/2CHNH_oA_bigger.jpg'}","Jul 2, 2007 ¬∑ 7:32 AM UTC",False,,{},"{'comments': 0, 'retweets': 0, 'quotes': 0, 'likes': 0}",[],[],[]
https://twitter.com/abcnews/status/129091982#m,"US Ambassador urges APEC declaration on climate change: The United States Ambassador to Australia, Robert.. http://tinyurl.com/2tlhjz","{'name': 'ABC News', 'username': '@abcnews', 'profile_id': '1034589406005317632', 'avatar': 'https://pbs.twimg.com/profile_images/1034589406005317632/Cdi3F2ro_bigger.jpg'}","Jul 1, 2007 ¬∑ 12:05 PM UTC",False,,{},"{'comments': 0, 'retweets': 0, 'quotes': 0, 'likes': 0}",[],[],[]
https://twitter.com/notnewscientist/status/128949002#m,Climate change sceptics criticise polar bear science: Evidence for declining populations is under at.. http://tinyurl.com/35ahgn,"{'name': 'New Scientist', 'username': '@notnewscientist', 'profile_id': 'default_profile_bigger.png', 'avatar': 'https://pbs.twimg.com/abs.twimg.com/sticky/default_profile_images/default_profile_bigger.png'}","Jul 1, 2007 ¬∑ 9:07 AM UTC",False,,{},"{'comments': 0, 'retweets': 0, 'quotes': 0, 'likes': 0}",[],[],[]
